{
	"output_files": [
		{
			"path": "client/views/router.js",
			"checksum": "2b08e547ad53a399aa8a9e64f1831168c5b87c5a"
		},
		{
			"path": "server/controllers/router.js",
			"checksum": "f9d076cc64b65aa4ce85d9ca7272d8cfefc46694"
		},
		{
			"path": "both/collections/chemical.js",
			"checksum": "80d4266bfafcc62b2fb0a5f8d9fd8c583b106b79"
		},
		{
			"path": "server/collections/chemical.js",
			"checksum": "45356a088a630cb299e40562961e74f6eb0947b3"
		},
		{
			"path": "server/publish/chemical.js",
			"checksum": "e1edf52eace93ea1f1b48dfed234c3f61cb37984"
		},
		{
			"path": "both/collections/blend.js",
			"checksum": "1a2f6eefaa85560b2dc70e1091c5aef034db5580"
		},
		{
			"path": "server/collections/blend.js",
			"checksum": "d4c286dd06adcf7d59ccb2a8d300b2c1dabe4a32"
		},
		{
			"path": "server/publish/blend.js",
			"checksum": "aa3a58f317d5250f7f22cbf09913cb49b4de583f"
		},
		{
			"path": "both/collections/chemical_manufacturer.js",
			"checksum": "32a989d28d44c46c18e8a5b2671216289cd3847a"
		},
		{
			"path": "server/collections/chemical_manufacturer.js",
			"checksum": "daa3a1b12bed7d2e06d1401f2514d5438c005f50"
		},
		{
			"path": "server/publish/chemical_manufacturer.js",
			"checksum": "2e0338946e375899ba7f2fb6177f0ba28a7b0040"
		},
		{
			"path": "both/collections/trx_chemical_container.js",
			"checksum": "9e0beac3431dbb74928639660c699cc88ccc8a5f"
		},
		{
			"path": "server/collections/trx_chemical_container.js",
			"checksum": "65883a998656e0b79a715f40872c3a646db0959d"
		},
		{
			"path": "server/publish/trx_chemical_container.js",
			"checksum": "04faf0ac758b6ff9eeb7760109157eb743dc2e2b"
		},
		{
			"path": "both/collections/trx_lot.js",
			"checksum": "d1b4a9a341fa2cd1fd4c744b6cf954bebe56fd15"
		},
		{
			"path": "server/collections/trx_lot.js",
			"checksum": "87be28e3e71f9c2bd63a2a6f3e046c6d05ebdd00"
		},
		{
			"path": "server/publish/trx_lot.js",
			"checksum": "cded69bf8e77100b0f21e3945291f681c558cc44"
		},
		{
			"path": "both/collections/pick_location.js",
			"checksum": "b39e18e9c4cd07efef4a17ff758585441aff3163"
		},
		{
			"path": "server/collections/pick_location.js",
			"checksum": "bacc9f4ef0bc8d3f66d76dc864a62ad1cbd93666"
		},
		{
			"path": "server/publish/pick_location.js",
			"checksum": "1fd67636c18692d97599524c7cb28e5741ad07c2"
		},
		{
			"path": "both/collections/pick_number.js",
			"checksum": "bd4d42206f944a4f6aac65fd9415cbef92087e95"
		},
		{
			"path": "server/collections/pick_number.js",
			"checksum": "f7a32f08cc6929e2ee430a9b64666da145ae70d3"
		},
		{
			"path": "server/publish/pick_number.js",
			"checksum": "148fb0e7804cd9c2ec653ebcd35df0be3b5b9f7a"
		},
		{
			"path": "both/collections/press.js",
			"checksum": "77651522c7482d224c2a60719152815ed9b629d4"
		},
		{
			"path": "server/collections/press.js",
			"checksum": "cbde4fc5fe121029e1b28ba839fffe273d1bab7d"
		},
		{
			"path": "server/publish/press.js",
			"checksum": "adcffd667113b22d20715ef32797d99810902c3a"
		},
		{
			"path": "both/collections/tank.js",
			"checksum": "2e97ca5571093207681a692f0015d01b2fdfcec1"
		},
		{
			"path": "server/collections/tank.js",
			"checksum": "36f0929084fc24b66a4329425d3e68b50d392772"
		},
		{
			"path": "server/publish/tank.js",
			"checksum": "e78fdd16415f4f57955d02bf702b6fc12efb0423"
		},
		{
			"path": "both/collections/test.js",
			"checksum": "6591db868d15c59852d85ae3fc5a7649c5fe1c89"
		},
		{
			"path": "server/collections/test.js",
			"checksum": "237e5ae2efde6e3d9274ea67a696e130bf333da0"
		},
		{
			"path": "server/publish/test.js",
			"checksum": "b92ebd5a529d32751d92f6bdc452ce9b3e603409"
		},
		{
			"path": "both/collections/unit.js",
			"checksum": "f5bc89e3f2870ec27667093e8b8c92e797e1de46"
		},
		{
			"path": "server/collections/unit.js",
			"checksum": "d9cc51f65a94305453141c3b99692672db6f5539"
		},
		{
			"path": "server/publish/unit.js",
			"checksum": "12574fc49f0f296f87b91286919c807aa1722d14"
		},
		{
			"path": "both/collections/varietal.js",
			"checksum": "a6599210874c8d2150f168990536fe9a73a0a79d"
		},
		{
			"path": "server/collections/varietal.js",
			"checksum": "0c4d1d172924bb43bdff900d4381436aaa219907"
		},
		{
			"path": "server/publish/varietal.js",
			"checksum": "94d9da1d5e2ffab58859e654afc4be03e39d83d9"
		},
		{
			"path": "both/collections/vintage.js",
			"checksum": "97be6e8ae8954cef679c7782ba6c1614859df318"
		},
		{
			"path": "server/collections/vintage.js",
			"checksum": "d46a1f29e99d85da01bf79900cac592a4da77063"
		},
		{
			"path": "server/publish/vintage.js",
			"checksum": "de4476535c3db875ad0049f7991300bcb36b4b38"
		},
		{
			"path": "both/collections/trx_add_chemical_to_tank.js",
			"checksum": "d89cfa34bd2fd263af666c4a3fadca7396b58ed8"
		},
		{
			"path": "server/collections/trx_add_chemical_to_tank.js",
			"checksum": "ad2c393bcaa717334e67a26af00c4e471ff7b816"
		},
		{
			"path": "server/publish/trx_add_chemical_to_tank.js",
			"checksum": "ba7b024816a497ea5d4d432d2f50fe218f791d05"
		},
		{
			"path": "both/collections/trx_barrel_to_tank.js",
			"checksum": "455a2b22cb0b82ca89fbd30245311f242a9155ff"
		},
		{
			"path": "server/collections/trx_barrel_to_tank.js",
			"checksum": "3361f29689260228dfdc7a94e3dbbbd31f69f107"
		},
		{
			"path": "server/publish/trx_barrel_to_tank.js",
			"checksum": "c8cf7443684837a1b8be18a8ad8141f9e5d37259"
		},
		{
			"path": "both/collections/trx_clean_tank.js",
			"checksum": "d039db42660527ebd16afba08e6256e6ca26e512"
		},
		{
			"path": "server/collections/trx_clean_tank.js",
			"checksum": "8a73785c05ad82674096b287afac43a33aa5728a"
		},
		{
			"path": "server/publish/trx_clean_tank.js",
			"checksum": "215153d90ec6e54eb415fbcc89eb53678c1ffae1"
		},
		{
			"path": "both/collections/trx_tank_cleaning_chemical.js",
			"checksum": "6fc5b4a9bf14e72edd93a5602bc04094742da9db"
		},
		{
			"path": "server/collections/trx_tank_cleaning_chemical.js",
			"checksum": "18f29b28f84a25c55fd9d11391d55c331bfc30f8"
		},
		{
			"path": "server/publish/trx_tank_cleaning_chemical.js",
			"checksum": "8e9ca0a4b3a55e7fef0bcaf7ce77db1f370b7ca3"
		},
		{
			"path": "both/collections/trx_fill_tank.js",
			"checksum": "7815ed2cc2ae5419c42d2d64a704ad264f3737bc"
		},
		{
			"path": "server/collections/trx_fill_tank.js",
			"checksum": "98543e0a02120e974afa37e6397b68f945b26682"
		},
		{
			"path": "server/publish/trx_fill_tank.js",
			"checksum": "fca9a2069612acea4dc2f6dba11a7b9bc20ed3a5"
		},
		{
			"path": "both/collections/trx_tank_test.js",
			"checksum": "3082a19ff96bce234b7e3cf0ed2168a31395b281"
		},
		{
			"path": "server/collections/trx_tank_test.js",
			"checksum": "d349418564e44eae70c7291a299c354a9ef043a7"
		},
		{
			"path": "server/publish/trx_tank_test.js",
			"checksum": "23556318f66f0e1db840cb4fca780577000ee20d"
		},
		{
			"path": "both/collections/trx_blend_to_blend.js",
			"checksum": "c40f9006fae3e1025eac257bf9126391728f2c43"
		},
		{
			"path": "server/collections/trx_blend_to_blend.js",
			"checksum": "5185305921bcb0c1ede596e72f0e1bacd62fdd27"
		},
		{
			"path": "server/publish/trx_blend_to_blend.js",
			"checksum": "d70916e92f5680a1c30dd602b1a9cc3feaf921e1"
		},
		{
			"path": "both/collections/trx_lot_to_blend.js",
			"checksum": "ce0fd7ebb6f077227afc290fcd529d21c5c785fc"
		},
		{
			"path": "server/collections/trx_lot_to_blend.js",
			"checksum": "d7a344b8a2f6ecff795e227e679f9e0d664e9791"
		},
		{
			"path": "server/publish/trx_lot_to_blend.js",
			"checksum": "7e0cae38de9cc4f002826cfcd5bb62a20d9fea0c"
		},
		{
			"path": "both/collections/barrel.js",
			"checksum": "7baecebb50dde324a1e0cb4320557a9f90febf59"
		},
		{
			"path": "server/collections/barrel.js",
			"checksum": "67cad5c2f3c0233bae0dc92f5080809289dcd116"
		},
		{
			"path": "server/publish/barrel.js",
			"checksum": "fed79dee760fbe3c5fd931261fb9479a3c0f4fb8"
		},
		{
			"path": "client/client.js",
			"checksum": "80fa811fa9761eb01bfb9e4a4a87962fb8051906"
		},
		{
			"path": "server/server.js",
			"checksum": "60863ec5b94fef2e77d2bc591e7d32f38ee68c07"
		},
		{
			"path": "client/views/not_found/not_found.html",
			"checksum": "df91b51c0a4787a26c4a7ea8ad72ca8310f72b41"
		},
		{
			"path": "client/views/not_found/not_found.js",
			"checksum": "bf34ff3cc2a0d6f8b0d89aeda53df4022c053ef2"
		},
		{
			"path": "client/views/loading/loading.html",
			"checksum": "99e97ba60ddf18b9ed3977aa1f73b1fe3494922a"
		},
		{
			"path": "client/views/loading/loading.js",
			"checksum": "bc00c4247b7fe203147498423fd8b3f002e889b3"
		},
		{
			"path": "client/styles/styles/theme/themefix.import.less",
			"checksum": "218efa4a548fc82cb380fa98d49a5692f6837d45"
		},
		{
			"path": "client/styles/styles/theme/theme.import.less",
			"checksum": "69c15c1eddd29ab13aed997fee441b0e1c35fe60"
		},
		{
			"path": "client/styles/styles/theme/bootswatch.import.less",
			"checksum": "88e8741fd7ee9e0575f9ed55397379ac8204c20e"
		},
		{
			"path": "client/styles/styles/theme/variables.import.less",
			"checksum": "2908d5caea610a915b0eb7123f65c45dfb111d73"
		},
		{
			"path": "client/styles/styles/styles.less",
			"checksum": "671f2c3059deb13a70e27908d38f08b591452630"
		},
		{
			"path": "client/views/layout/layout.html",
			"checksum": "68b6056ea8bb988a34c5c493e5d0370777315cb0"
		},
		{
			"path": "client/views/layout/layout.js",
			"checksum": "50811d69dbaa828e614bf28f7c100360d14e22c8"
		},
		{
			"path": "client/views/aboutclarify/aboutclarify.html",
			"checksum": "97119708d3902ee3a051b930cca8db760ccf8f06"
		},
		{
			"path": "client/views/aboutclarify/aboutclarify.js",
			"checksum": "f3a85d4af6ef74f52537d7066e42d9d17dbbc400"
		},
		{
			"path": "client/views/aboutclarify/aboutclarify_controller.js",
			"checksum": "1c48cd2aa382fef61e703a1bf1b7a512eb7647c4"
		},
		{
			"path": "client/views/home_public/home_public.html",
			"checksum": "b96ebfb862c1325418bdefe8223b23ec474ca16f"
		},
		{
			"path": "client/views/home_public/home_public.js",
			"checksum": "ffb0abeb7efb70a8454c761a0cf3641a05a99385"
		},
		{
			"path": "client/views/home_public/home_public_controller.js",
			"checksum": "a74fe8e593e0287c07d5c739d696b2117e6e709a"
		},
		{
			"path": "client/views/login/login.html",
			"checksum": "98d225bfca233bc43dfe8dee374ee170b829f02b"
		},
		{
			"path": "client/views/login/login.js",
			"checksum": "b7e9a60037aa5802bc578766785d0c44077413d7"
		},
		{
			"path": "client/views/login/login_controller.js",
			"checksum": "bb5224a58563fa3c11fa61c29f56eaf884768aa3"
		},
		{
			"path": "client/views/register/register.html",
			"checksum": "6f6a9f30c8dbeaf9c31335ab089db1bbe4aefacb"
		},
		{
			"path": "client/views/register/register.js",
			"checksum": "ddc87a28c127d55081a9f72d3179871f5da78d54"
		},
		{
			"path": "client/views/register/register_controller.js",
			"checksum": "e04c321a9f410c8ea1c2ff703da1542d75942745"
		},
		{
			"path": "client/views/forgot_password/forgot_password.html",
			"checksum": "d28a61ac325a7ee0fbdf8f805a11ffd9f488f219"
		},
		{
			"path": "client/views/forgot_password/forgot_password.js",
			"checksum": "994833a0afc45536b5e7f3672c012f3bd62e6d95"
		},
		{
			"path": "client/views/forgot_password/forgot_password_controller.js",
			"checksum": "4fa77c07252926439e800a7d5b98e79090d20e77"
		},
		{
			"path": "client/views/reset_password/reset_password.html",
			"checksum": "59b305ffe597317a5f904dd3321aa6ef0d82ba33"
		},
		{
			"path": "client/views/reset_password/reset_password.js",
			"checksum": "7036563282f11299d6aca62fa04cf26d730dd995"
		},
		{
			"path": "client/views/reset_password/reset_password_controller.js",
			"checksum": "08c7d6e06c13fbb5716b78629c8c1782571ad266"
		},
		{
			"path": "client/views/home_private/home_private.html",
			"checksum": "209faaa5c5b365ef5066b65036be1c604f34c809"
		},
		{
			"path": "client/views/home_private/home_private.js",
			"checksum": "f1e7677f166effe5d860ab7aa9a60320e6fa8d13"
		},
		{
			"path": "client/views/home_private/home_private_controller.js",
			"checksum": "dc14ba9c7c9c524121c93d1034aef4ce67477674"
		},
		{
			"path": "client/views/user_settings/user_settings.html",
			"checksum": "95bf5345fff800ef4a032838628b36e61b111655"
		},
		{
			"path": "client/views/user_settings/user_settings.js",
			"checksum": "1a59cb411053c21be67135bc0f4d118a5deaef65"
		},
		{
			"path": "client/views/user_settings/user_settings_controller.js",
			"checksum": "a5071a5cef7951f1dae75852dc95177689ecd806"
		},
		{
			"path": "client/views/user_settings/profile/profile.html",
			"checksum": "44f2725a24aaaef192e150702cf301783f175c5a"
		},
		{
			"path": "client/views/user_settings/profile/profile.js",
			"checksum": "f3f862107d3e4158c2b58f993846973db62fb6a3"
		},
		{
			"path": "client/views/user_settings/profile/profile_controller.js",
			"checksum": "1c37c6368d51445cf5ccf2d5b551c96353ed4050"
		},
		{
			"path": "client/views/user_settings/change_pass/change_pass.html",
			"checksum": "33e7602afe9295992e2968e9e2f8efd93e3d761a"
		},
		{
			"path": "client/views/user_settings/change_pass/change_pass.js",
			"checksum": "dd724c2e82320ea720749f9174e6474721637274"
		},
		{
			"path": "client/views/user_settings/change_pass/change_pass_controller.js",
			"checksum": "71ca8f89ee004189fcdb8600ec07b83c7ad8a192"
		},
		{
			"path": "client/views/logout/logout.html",
			"checksum": "588f499d73f7800a154cabc117eb1787db586d82"
		},
		{
			"path": "client/views/logout/logout.js",
			"checksum": "b722e0c225298f6468baf1a25f202fc79f7c7463"
		},
		{
			"path": "client/views/logout/logout_controller.js",
			"checksum": "d1db0d31bbaef77ad9693a18d59871cab34a30ef"
		},
		{
			"path": "client/views/chemicals/chemicals.html",
			"checksum": "928f03113d594b08a6427f64ed98ed6739470db0"
		},
		{
			"path": "client/views/chemicals/chemicals.js",
			"checksum": "b6932d4716e29cd331d9471053139458776e83da"
		},
		{
			"path": "client/views/chemicals/chemicals_controller.js",
			"checksum": "52607c6b7866509be426aed393d54eb13574f7e0"
		},
		{
			"path": "client/views/chemicals/insert/insert.html",
			"checksum": "fd8ae0de123c1cfe47bbfdfb775b8ccd704abf71"
		},
		{
			"path": "client/views/chemicals/insert/insert.js",
			"checksum": "e907f3da35ab995d95780329eeeca0a4fe61ed8a"
		},
		{
			"path": "client/views/chemicals/insert/insert_controller.js",
			"checksum": "fec0d52874f7b23bbea00c3e12ca15dff2bd5778"
		},
		{
			"path": "client/views/chemicals/details/details.html",
			"checksum": "cbcaf2a92677b0197f87205a9dd8524fd21656a1"
		},
		{
			"path": "client/views/chemicals/details/details.js",
			"checksum": "375bebe485f16bff54eb908527c93f59713f2691"
		},
		{
			"path": "client/views/chemicals/details/details_controller.js",
			"checksum": "7b919af60efc53d48860868db9dd7562b034e896"
		},
		{
			"path": "client/views/chemicals/edit/edit.html",
			"checksum": "685ac80b888d709d76e093299d89469428bc427d"
		},
		{
			"path": "client/views/chemicals/edit/edit.js",
			"checksum": "64a1d674cbfde680114df5e911be74cc3cfc7b99"
		},
		{
			"path": "client/views/chemicals/edit/edit_controller.js",
			"checksum": "41e37bcb9966bb2a6bfc6c6142bd4d590b676c9c"
		},
		{
			"path": "client/views/blends/blends.html",
			"checksum": "b48b5454d193003e2b655c7ba9eb0811d2f61712"
		},
		{
			"path": "client/views/blends/blends.js",
			"checksum": "eede20cdfa607a95a30a31a567c14d298d158621"
		},
		{
			"path": "client/views/blends/blends_controller.js",
			"checksum": "5b3c09a7c1be0a974a98e40b941360735debdfda"
		},
		{
			"path": "client/views/blends/insert/insert.html",
			"checksum": "6e751773ef8162d891ba3e78d60219bd086618c6"
		},
		{
			"path": "client/views/blends/insert/insert.js",
			"checksum": "d602c3df9aae6918846358b0fa5e8e76ca2f4574"
		},
		{
			"path": "client/views/blends/insert/insert_controller.js",
			"checksum": "0f84901bc94098acd4d05bee1a3b124666c8ed39"
		},
		{
			"path": "client/views/blends/details/details.html",
			"checksum": "e1dc358b5d07f377fa86ab9d017c1c34bc32617b"
		},
		{
			"path": "client/views/blends/details/details.js",
			"checksum": "5d12fbb35006ab5ef526d716ae94139e4b6fe60b"
		},
		{
			"path": "client/views/blends/details/details_controller.js",
			"checksum": "c3233bf5bf5775ebe36c62e7e8f2ea3c88529f7e"
		},
		{
			"path": "client/views/blends/edit/edit.html",
			"checksum": "fe4731a924c20686ee31c27ce4262b8654cdccad"
		},
		{
			"path": "client/views/blends/edit/edit.js",
			"checksum": "9fab410c1d324f248d778ea0c81e5f417a633d3e"
		},
		{
			"path": "client/views/blends/edit/edit_controller.js",
			"checksum": "7f91cceb370036a117fdb4203fc00d820639a434"
		},
		{
			"path": "client/views/chemicalmanufacturers/chemicalmanufacturers.html",
			"checksum": "d5536e791e2c8bac20042b88821e9dff36df00db"
		},
		{
			"path": "client/views/chemicalmanufacturers/chemicalmanufacturers.js",
			"checksum": "b693f9c36a09f49f54caaf15c6b776f570985fa1"
		},
		{
			"path": "client/views/chemicalmanufacturers/chemicalmanufacturers_controller.js",
			"checksum": "dadec8200418a5199aed3436812b08bddfebe392"
		},
		{
			"path": "client/views/chemicalmanufacturers/insert/insert.html",
			"checksum": "73621b9173fde9d4b49a34a28b55bd7a51a50940"
		},
		{
			"path": "client/views/chemicalmanufacturers/insert/insert.js",
			"checksum": "7740a106a0a19d27b78f4d3728e3df823815ebfd"
		},
		{
			"path": "client/views/chemicalmanufacturers/insert/insert_controller.js",
			"checksum": "84fea7d63a5530bb1e8f9e355e8aa0a8c95de306"
		},
		{
			"path": "client/views/chemicalmanufacturers/details/details.html",
			"checksum": "74deb0af34c3eb41e672fc6e556b810745c42f19"
		},
		{
			"path": "client/views/chemicalmanufacturers/details/details.js",
			"checksum": "c052706a206e03a03e9fee02de60e393a89208ef"
		},
		{
			"path": "client/views/chemicalmanufacturers/details/details_controller.js",
			"checksum": "7f4065a3496461c3127647a94df31cb505943844"
		},
		{
			"path": "client/views/chemicalmanufacturers/edit/edit.html",
			"checksum": "692119ff8d741bc44f93e1532c3c23fad20fec38"
		},
		{
			"path": "client/views/chemicalmanufacturers/edit/edit.js",
			"checksum": "3e479da09ad686540d5198bb760e030887f6d858"
		},
		{
			"path": "client/views/chemicalmanufacturers/edit/edit_controller.js",
			"checksum": "b01541bdd80380a81953948fdefa79b91c7a8835"
		},
		{
			"path": "client/views/trxchemicalconainers/trxchemicalconainers.html",
			"checksum": "53e2f615c13cdf0e07c9abb21d88cff66620b659"
		},
		{
			"path": "client/views/trxchemicalconainers/trxchemicalconainers.js",
			"checksum": "ea9c5b4c10833fcc0fef6ef2cdf3c512391ce805"
		},
		{
			"path": "client/views/trxchemicalconainers/trxchemicalconainers_controller.js",
			"checksum": "1b286ead89f0dfb417528dfd00233387bdf7e8dd"
		},
		{
			"path": "client/views/trxchemicalconainers/insert/insert.html",
			"checksum": "c865e6628c1767830e5e80f92188198c7a1c5fae"
		},
		{
			"path": "client/views/trxchemicalconainers/insert/insert.js",
			"checksum": "47370ce7db2e96bc58f2183af85d10a74723f137"
		},
		{
			"path": "client/views/trxchemicalconainers/insert/insert_controller.js",
			"checksum": "f4dafd96bd1da18ab8c1763eb4cd29c8bbd1e552"
		},
		{
			"path": "client/views/trxchemicalconainers/details/details.html",
			"checksum": "ccec93f5329685f15334e86cd5d9e147520fe893"
		},
		{
			"path": "client/views/trxchemicalconainers/details/details.js",
			"checksum": "f559d0ac6032cb299a3592378d2da02d249b917a"
		},
		{
			"path": "client/views/trxchemicalconainers/details/details_controller.js",
			"checksum": "4fda38afc2d7eec6c4d99196f8100aaa64a27a7c"
		},
		{
			"path": "client/views/trxchemicalconainers/edit/edit.html",
			"checksum": "28470ca1628a9d4d2c7498561d2f0a2bb2a42ecf"
		},
		{
			"path": "client/views/trxchemicalconainers/edit/edit.js",
			"checksum": "4d5847d2f6795cf7a1e6f8f269697580d69122cf"
		},
		{
			"path": "client/views/trxchemicalconainers/edit/edit_controller.js",
			"checksum": "46b5909132ef0801a8d21a00ed70541122e966e7"
		},
		{
			"path": "client/views/units/units.html",
			"checksum": "922d55d040337275cbfc2204845129b8bee094a9"
		},
		{
			"path": "client/views/units/units.js",
			"checksum": "232a78fe1b6101d2f748737aec23177c74a65ed5"
		},
		{
			"path": "client/views/units/units_controller.js",
			"checksum": "768beb89be74329a872b329a8247095bbcefff11"
		},
		{
			"path": "client/views/units/insert/insert.html",
			"checksum": "7430972b19f792e53687380b74ec5b4b1a290d03"
		},
		{
			"path": "client/views/units/insert/insert.js",
			"checksum": "24d441e35e48669ad48bd7dc5ec643c7f4dae260"
		},
		{
			"path": "client/views/units/insert/insert_controller.js",
			"checksum": "3fa654c2740ef92e8d35c342607912e7c46b2330"
		},
		{
			"path": "client/views/units/details/details.html",
			"checksum": "9c57342d82da909b65152e81a930bacf5cf264b4"
		},
		{
			"path": "client/views/units/details/details.js",
			"checksum": "cb9c8ed9ee243fdefc15aca195343265875072d5"
		},
		{
			"path": "client/views/units/details/details_controller.js",
			"checksum": "9b5eebd988aed5152227c2229e1dab6147de5570"
		},
		{
			"path": "client/views/units/edit/edit.html",
			"checksum": "6673e1e388b782b0ef907339830844a058c36697"
		},
		{
			"path": "client/views/units/edit/edit.js",
			"checksum": "1e88f5a4f80785cead5dffc6aea78a38ea9da119"
		},
		{
			"path": "client/views/units/edit/edit_controller.js",
			"checksum": "0015b244eff1169a8bdeb857b486b5617aa586f7"
		},
		{
			"path": "client/views/trxlots/trxlots.html",
			"checksum": "199732d5ca8bfe0c654ec4472b82686b8e56d477"
		},
		{
			"path": "client/views/trxlots/trxlots.js",
			"checksum": "51c36bb2ff1b1ab1640d575f8db6accb54bc48f5"
		},
		{
			"path": "client/views/trxlots/trxlots_controller.js",
			"checksum": "7a3ec3cadf1540fe559a45ecd29e352ab115e53c"
		},
		{
			"path": "client/views/trxlots/insert/insert.html",
			"checksum": "f6fc41a23dbf5b8b460ef68266f3ff448277da4c"
		},
		{
			"path": "client/views/trxlots/insert/insert.js",
			"checksum": "fc9263d133db2673ac233eee5d691f73c4d24c23"
		},
		{
			"path": "client/views/trxlots/insert/insert_controller.js",
			"checksum": "0c1108b289f60185f143630f954673e922133d6f"
		},
		{
			"path": "client/views/trxlots/details/details.html",
			"checksum": "0b5a3d95080d375147efe5c90a8016f6f2d5df29"
		},
		{
			"path": "client/views/trxlots/details/details.js",
			"checksum": "a6ec6147ff7711791362821be976ee0625e81773"
		},
		{
			"path": "client/views/trxlots/details/details_controller.js",
			"checksum": "390ed5de0d42e0c361e90a304aea131ca8fdb274"
		},
		{
			"path": "client/views/trxlots/edit/edit.html",
			"checksum": "2d0ca736c0aed5a7d6635c7df3c3b31637e2e17f"
		},
		{
			"path": "client/views/trxlots/edit/edit.js",
			"checksum": "858b52c2b914a5b3c2f080e5ec0a2d50f8ad489f"
		},
		{
			"path": "client/views/trxlots/edit/edit_controller.js",
			"checksum": "8c832d766f7197a740ee37ba2776632fd5f34d22"
		},
		{
			"path": "client/views/vintages/vintages.html",
			"checksum": "bfc8063778d0b34a984bd72259bc5ce1ec20c344"
		},
		{
			"path": "client/views/vintages/vintages.js",
			"checksum": "12cb47f8c32edc2b31e040c5499d68d6782028f1"
		},
		{
			"path": "client/views/vintages/vintages_controller.js",
			"checksum": "79c51dbb9b13f199d1c1b34a541ec3a317a5c8a2"
		},
		{
			"path": "client/views/vintages/insert/insert.html",
			"checksum": "6cce6de60e9a733fc1ccfc52f4d91385f254476f"
		},
		{
			"path": "client/views/vintages/insert/insert.js",
			"checksum": "7e8edfb2a6b357f4a19ae82573b300758a49a363"
		},
		{
			"path": "client/views/vintages/insert/insert_controller.js",
			"checksum": "270672e6e08482faca0a05fec18f1597351d63ab"
		},
		{
			"path": "client/views/vintages/details/details.html",
			"checksum": "2a6a83aa0baadf5965d1bda67f66fcdfed45704e"
		},
		{
			"path": "client/views/vintages/details/details.js",
			"checksum": "7d02378253ccadf895bd8eb55d6041632943cf6a"
		},
		{
			"path": "client/views/vintages/details/details_controller.js",
			"checksum": "8060838b46a80575ddf451f221f4af07c24e0f3b"
		},
		{
			"path": "client/views/vintages/edit/edit.html",
			"checksum": "21d50453ebe3633b708f29ba03f9ee700aa46bb3"
		},
		{
			"path": "client/views/vintages/edit/edit.js",
			"checksum": "b312460547d0885376a9520d2e8aef0e14ef399e"
		},
		{
			"path": "client/views/vintages/edit/edit_controller.js",
			"checksum": "45948e85cfd67004857f4e9447d84ed18abdb5a1"
		},
		{
			"path": "client/views/varietals/varietals.html",
			"checksum": "e284483c5b76090ce8c488bc297c8a90224ddc72"
		},
		{
			"path": "client/views/varietals/varietals.js",
			"checksum": "dadbfbdf50fe5463dda3b737cd8431a5fa70c907"
		},
		{
			"path": "client/views/varietals/varietals_controller.js",
			"checksum": "7868711d0084b796a2182404dbe5abaaf8d2846a"
		},
		{
			"path": "client/views/varietals/insert/insert.html",
			"checksum": "ae2897cb44ae8e058fb991ac2c377f522c492aae"
		},
		{
			"path": "client/views/varietals/insert/insert.js",
			"checksum": "50d0846a1cea7e9cba8b893a84799efff9711a67"
		},
		{
			"path": "client/views/varietals/insert/insert_controller.js",
			"checksum": "7783a719deb1b1f7c5acce20dc39b84a639e13fa"
		},
		{
			"path": "client/views/varietals/details/details.html",
			"checksum": "4cafde96ea79237aa3531ad9f56b4dbcf37b059c"
		},
		{
			"path": "client/views/varietals/details/details.js",
			"checksum": "e6917803537fb5b707cdb48656f91be820090343"
		},
		{
			"path": "client/views/varietals/details/details_controller.js",
			"checksum": "d529b6e7f40521b08a1bdcd7bd8b3698b795dfae"
		},
		{
			"path": "client/views/varietals/edit/edit.html",
			"checksum": "35f0028aefaa614768c00369c657151bb3ddab29"
		},
		{
			"path": "client/views/varietals/edit/edit.js",
			"checksum": "fb0bb96791c2e336394a9e78e3750b565c9d82cf"
		},
		{
			"path": "client/views/varietals/edit/edit_controller.js",
			"checksum": "005f45d205f36f509705a8ecf84f9fd944f39f8a"
		},
		{
			"path": "client/views/picklocations/picklocations.html",
			"checksum": "d0c0c18ba73f5024d78919a34356aae3ffba5456"
		},
		{
			"path": "client/views/picklocations/picklocations.js",
			"checksum": "0b478f1457285ec0e42c2ebb7cb1df5624ba197f"
		},
		{
			"path": "client/views/picklocations/picklocations_controller.js",
			"checksum": "ea5b6d487f096bda63717351a5e2beefd039cc7f"
		},
		{
			"path": "client/views/picklocations/insert/insert.html",
			"checksum": "9354f179c015ef89911cec37569b0bebeb5074ea"
		},
		{
			"path": "client/views/picklocations/insert/insert.js",
			"checksum": "9a0f414e4958d4044a7b8f9a93e35c751b2dd54e"
		},
		{
			"path": "client/views/picklocations/insert/insert_controller.js",
			"checksum": "ff9d0c519877c5126579847a3479056cf5b1dacb"
		},
		{
			"path": "client/views/picklocations/details/details.html",
			"checksum": "971c887054479ae09a1022158d19592da12f92b9"
		},
		{
			"path": "client/views/picklocations/details/details.js",
			"checksum": "bd048240766ded045e464ca2142eb3c99c6ab36f"
		},
		{
			"path": "client/views/picklocations/details/details_controller.js",
			"checksum": "c06f0e45f6a93d2dcab5bc10c8a50416edf84c30"
		},
		{
			"path": "client/views/picklocations/edit/edit.html",
			"checksum": "8554f99f4573a225c9260fa0bbc056b11ad518d1"
		},
		{
			"path": "client/views/picklocations/edit/edit.js",
			"checksum": "28d4fedd01dccc991bbcb22c6de54975af31aa3b"
		},
		{
			"path": "client/views/picklocations/edit/edit_controller.js",
			"checksum": "1ca38b38ae4fb083f253b54ebeea57652bfca9a1"
		},
		{
			"path": "client/views/picknumbers/picknumbers.html",
			"checksum": "aea5e417a89d291cd9d47bfaad2d5bca9b01a092"
		},
		{
			"path": "client/views/picknumbers/picknumbers.js",
			"checksum": "2b6a65727b97a06fa20b5a55f7a65888309c0f6d"
		},
		{
			"path": "client/views/picknumbers/picknumbers_controller.js",
			"checksum": "a43e0902168ad2053594c08a13a861d04eafdc3e"
		},
		{
			"path": "client/views/picknumbers/insert/insert.html",
			"checksum": "53b9f96fdefec0605c6df45b8f5da41ebd1dee85"
		},
		{
			"path": "client/views/picknumbers/insert/insert.js",
			"checksum": "2609f7615a1d983938604c6c962adb255f9dddb4"
		},
		{
			"path": "client/views/picknumbers/insert/insert_controller.js",
			"checksum": "25ac5a9e48512a1d11647cc49b620203ef3b9a26"
		},
		{
			"path": "client/views/picknumbers/details/details.html",
			"checksum": "c62fe08e3a91d340b30fb0dbb2c774fcb105ac6f"
		},
		{
			"path": "client/views/picknumbers/details/details.js",
			"checksum": "e9e05169b4838cdfb189ba2c010c16885b9821ec"
		},
		{
			"path": "client/views/picknumbers/details/details_controller.js",
			"checksum": "674114a102e129082229031bcdb845d505a8457c"
		},
		{
			"path": "client/views/picknumbers/edit/edit.html",
			"checksum": "fb4803d8eaf7814e6f49764d7fcd1162baa4265d"
		},
		{
			"path": "client/views/picknumbers/edit/edit.js",
			"checksum": "5cba517f052d14cbe54e2c8c285c11c9eb8b8a1a"
		},
		{
			"path": "client/views/picknumbers/edit/edit_controller.js",
			"checksum": "f2de8501a001443c2ed9e540f4bd7ed6c775e4d3"
		},
		{
			"path": "client/views/presss/presss.html",
			"checksum": "59b3c25934fdc725dae1ed05deec332ceef0b507"
		},
		{
			"path": "client/views/presss/presss.js",
			"checksum": "1e109259e35ced4f27a2147bf7f2d733d4a94351"
		},
		{
			"path": "client/views/presss/presss_controller.js",
			"checksum": "060c920769c31d4f15d63b73bdf59a8ba031090d"
		},
		{
			"path": "client/views/presss/insert/insert.html",
			"checksum": "1499c035c988bb7af7218a526dc56095ba61a1b1"
		},
		{
			"path": "client/views/presss/insert/insert.js",
			"checksum": "e9233aec23bd9f1755264a6ae5c01d5160c7d65e"
		},
		{
			"path": "client/views/presss/insert/insert_controller.js",
			"checksum": "a74765f861bfa84edea214d37b68f06cb82ef5fe"
		},
		{
			"path": "client/views/presss/details/details.html",
			"checksum": "7e4b817f84519ef8c9feb6262abb3fdad12a9504"
		},
		{
			"path": "client/views/presss/details/details.js",
			"checksum": "14eda0b027de340295a01dc9bd819e73b0afe698"
		},
		{
			"path": "client/views/presss/details/details_controller.js",
			"checksum": "97ce441a96841a9e2a38067c9a7361fccd4165a5"
		},
		{
			"path": "client/views/presss/edit/edit.html",
			"checksum": "b89dd2ba564a1e03dc4adb2bba8d5f94a9903474"
		},
		{
			"path": "client/views/presss/edit/edit.js",
			"checksum": "b1fe64f3409a5ae167979c1041bbca2c3059d0d9"
		},
		{
			"path": "client/views/presss/edit/edit_controller.js",
			"checksum": "a84a4740a3e56308764d79136ca4655637c003b5"
		},
		{
			"path": "client/views/tanks/tanks.html",
			"checksum": "991f890ec5c724e2a132810040da3cbfc33b9980"
		},
		{
			"path": "client/views/tanks/tanks.js",
			"checksum": "1f251bb66bd8bef5d41fdae9c55e21206b5780ef"
		},
		{
			"path": "client/views/tanks/tanks_controller.js",
			"checksum": "03ff2fe073e514a67a866a5621b6963247c7539e"
		},
		{
			"path": "client/views/tanks/insert/insert.html",
			"checksum": "5d7d814b9beda200bbc9d265350373e6715387bf"
		},
		{
			"path": "client/views/tanks/insert/insert.js",
			"checksum": "a906872b2aa8ba5fad45e46c8e49a48559de0d8f"
		},
		{
			"path": "client/views/tanks/insert/insert_controller.js",
			"checksum": "dbd8696bc3a0eb9be4be071ab99d8d7ebec39eaa"
		},
		{
			"path": "client/views/tanks/details/details.html",
			"checksum": "7ba7ae2c119c6444df9b1cdc88e707aa1e75c20e"
		},
		{
			"path": "client/views/tanks/details/details.js",
			"checksum": "361a0d3507fdd5fdd8c7b87d3ef4cf40c22f0ce9"
		},
		{
			"path": "client/views/tanks/details/details_controller.js",
			"checksum": "066af176ce97cc215e29aa377a3bbcf512d71c6b"
		},
		{
			"path": "client/views/tanks/edit/edit.html",
			"checksum": "ef26ae5068b1066e8ade48b7ae4febba5ad4fabb"
		},
		{
			"path": "client/views/tanks/edit/edit.js",
			"checksum": "9f3d8f69def6fb60d8a6f11fd3a548f7235cb954"
		},
		{
			"path": "client/views/tanks/edit/edit_controller.js",
			"checksum": "bea208e03f77db3c49c1f9e3100e453741b90650"
		},
		{
			"path": "client/views/ttests/ttests.html",
			"checksum": "98b101ef240dad5fc235f78ed62be7638fa49687"
		},
		{
			"path": "client/views/ttests/ttests.js",
			"checksum": "005b6a1540f7b997baecd23d9382e18f531ef31a"
		},
		{
			"path": "client/views/ttests/ttests_controller.js",
			"checksum": "98252831310593c4eb9288de1b956f136d400976"
		},
		{
			"path": "client/views/ttests/insert/insert.html",
			"checksum": "760970eae414c53831dd74222064976e9fdfd20f"
		},
		{
			"path": "client/views/ttests/insert/insert.js",
			"checksum": "09348b5b011d3adc686f9a1c0d7a281ab4598d8c"
		},
		{
			"path": "client/views/ttests/insert/insert_controller.js",
			"checksum": "a9fda71a8b610c41e11c0580e509e1607f6049fb"
		},
		{
			"path": "client/views/ttests/details/details.html",
			"checksum": "66431f081ba556ec9e81e2000187786812e366b6"
		},
		{
			"path": "client/views/ttests/details/details.js",
			"checksum": "ef9a4706762636a6498b993e890108a098f87912"
		},
		{
			"path": "client/views/ttests/details/details_controller.js",
			"checksum": "b27ec11406f421dc7f636ed38c422846eeec96da"
		},
		{
			"path": "client/views/ttests/edit/edit.html",
			"checksum": "104f4d4dbabdb44ed74715ad066fa7c863bb1572"
		},
		{
			"path": "client/views/ttests/edit/edit.js",
			"checksum": "4a9d7938bfcd94b6330bada805ba26aa274bb053"
		},
		{
			"path": "client/views/ttests/edit/edit_controller.js",
			"checksum": "2dad553592d19d5aba42b35bffb8bcdcad57f033"
		},
		{
			"path": "client/views/barrels/barrels.html",
			"checksum": "217934eeb36cebaea24a6f97ee1bf504ab46a0d0"
		},
		{
			"path": "client/views/barrels/barrels.js",
			"checksum": "5ebb4a45c5e3c423cb3edad96ab6c53b6298c3e9"
		},
		{
			"path": "client/views/barrels/barrels_controller.js",
			"checksum": "987a1bf7db393262555bd2d31efdb96aee73b4e9"
		},
		{
			"path": "client/views/barrels/insert/insert.html",
			"checksum": "760d4e19a73718b0fb2a04c08ee898f38f69ad33"
		},
		{
			"path": "client/views/barrels/insert/insert.js",
			"checksum": "9537c4bfb98c9c8c399f2e8fa6d203643f77fde5"
		},
		{
			"path": "client/views/barrels/insert/insert_controller.js",
			"checksum": "3798164b2e3c48c9025766541c4ec06c612cac14"
		},
		{
			"path": "client/views/barrels/details/details.html",
			"checksum": "91ff86abca1575465435715247a5776596161bce"
		},
		{
			"path": "client/views/barrels/details/details.js",
			"checksum": "b2a28099b765cbb128abc2a48acbf84ea03741c5"
		},
		{
			"path": "client/views/barrels/details/details_controller.js",
			"checksum": "2b75b8dee82d3ec1eb9afdf4feb385a7c1928264"
		},
		{
			"path": "client/views/barrels/edit/edit.html",
			"checksum": "5caf0aec1cdc9fa7e7a594cec289b965a3fdf7a3"
		},
		{
			"path": "client/views/barrels/edit/edit.js",
			"checksum": "b5f0eda2957c6d19e53b3e08d24e45406def7c72"
		},
		{
			"path": "client/views/barrels/edit/edit_controller.js",
			"checksum": "04d31fdc8351f89c9c60197dc4da66b4033d111d"
		},
		{
			"path": "client/views/trxaddchemicaltotanks/trxaddchemicaltotanks.html",
			"checksum": "924bd02975914370a2e35713804fdd1ec13f1166"
		},
		{
			"path": "client/views/trxaddchemicaltotanks/trxaddchemicaltotanks.js",
			"checksum": "68e7f1c054aa3144b3ca33f77a3bfa24a143672e"
		},
		{
			"path": "client/views/trxaddchemicaltotanks/trxaddchemicaltotanks_controller.js",
			"checksum": "603aeace2a6343409228ad0bea3c69dc2655d156"
		},
		{
			"path": "client/views/trxaddchemicaltotanks/insert/insert.html",
			"checksum": "a5f96b97024067015d7c481f14fe7fa62d7d0290"
		},
		{
			"path": "client/views/trxaddchemicaltotanks/insert/insert.js",
			"checksum": "b71e8317de74a73711b7715380123a3dd6e469b0"
		},
		{
			"path": "client/views/trxaddchemicaltotanks/insert/insert_controller.js",
			"checksum": "17dea87a1af1f62fb9a3a0a2dc6e35b4d95acf81"
		},
		{
			"path": "client/views/trxaddchemicaltotanks/details/details.html",
			"checksum": "381c56b0f4aaad79ea958c07c5e9cb412c04f983"
		},
		{
			"path": "client/views/trxaddchemicaltotanks/details/details.js",
			"checksum": "337d4481d633503a0e200690687a39ac59fb4ae6"
		},
		{
			"path": "client/views/trxaddchemicaltotanks/details/details_controller.js",
			"checksum": "e944e192f9a91d04910e07ff5285cc4cb65ebaa9"
		},
		{
			"path": "client/views/trxaddchemicaltotanks/edit/edit.html",
			"checksum": "5a124cad0f12e8ceff88fb4966243483cc89544d"
		},
		{
			"path": "client/views/trxaddchemicaltotanks/edit/edit.js",
			"checksum": "553cfd59bd23cd89583ccac6e73c59925f586ec8"
		},
		{
			"path": "client/views/trxaddchemicaltotanks/edit/edit_controller.js",
			"checksum": "ebe871b5f84c200a18452b85307d8ffc38bb844b"
		},
		{
			"path": "client/views/trxbarreltotanks/trxbarreltotanks.html",
			"checksum": "02cd77a965f2bf3c40309b301a109a1648b19215"
		},
		{
			"path": "client/views/trxbarreltotanks/trxbarreltotanks.js",
			"checksum": "776d767504e6887171f6f8daa5e9ec7159a972f9"
		},
		{
			"path": "client/views/trxbarreltotanks/trxbarreltotanks_controller.js",
			"checksum": "72ab61d5dcaae86a09a222671ab788664644133e"
		},
		{
			"path": "client/views/trxbarreltotanks/insert/insert.html",
			"checksum": "c14b257455b3a4dd148cc4f4da7cd69b9dde11b0"
		},
		{
			"path": "client/views/trxbarreltotanks/insert/insert.js",
			"checksum": "bfe442cafe6108a3771748ed64d2693f912d84df"
		},
		{
			"path": "client/views/trxbarreltotanks/insert/insert_controller.js",
			"checksum": "7d8dde516a365c531c7487378fb6fc7ec7726024"
		},
		{
			"path": "client/views/trxbarreltotanks/details/details.html",
			"checksum": "f555c21e58e1f53043f70335fc211f7b1f1f58fd"
		},
		{
			"path": "client/views/trxbarreltotanks/details/details.js",
			"checksum": "5bb9bed20ec55189ecb12aff289da0bfbc71d477"
		},
		{
			"path": "client/views/trxbarreltotanks/details/details_controller.js",
			"checksum": "b5b19a12ced1e8b54ee29a368cc6297456116b5d"
		},
		{
			"path": "client/views/trxbarreltotanks/edit/edit.html",
			"checksum": "753714305d88394dbf7c7bbfad42dbcf1335614d"
		},
		{
			"path": "client/views/trxbarreltotanks/edit/edit.js",
			"checksum": "66ddb2e826158dde52becf304e62a91a8de34292"
		},
		{
			"path": "client/views/trxbarreltotanks/edit/edit_controller.js",
			"checksum": "54886936ed85b6222312e96fa6e9c2bed03c0fdf"
		},
		{
			"path": "client/views/trxcleantanks/trxcleantanks.html",
			"checksum": "86f81fef8f9573b6cd168d88aa9e9409b9323bf6"
		},
		{
			"path": "client/views/trxcleantanks/trxcleantanks.js",
			"checksum": "5846a9448bbc2b14ab147817146db9028c433971"
		},
		{
			"path": "client/views/trxcleantanks/trxcleantanks_controller.js",
			"checksum": "cc40d52d47188553eeb537ee4e8f3c63e5f87a34"
		},
		{
			"path": "client/views/trxcleantanks/insert/insert.html",
			"checksum": "6de581e13a5a3e4c2fb85504fccb1b5e7334c6cb"
		},
		{
			"path": "client/views/trxcleantanks/insert/insert.js",
			"checksum": "06384567c76789fcde1ae000d3d9271e8cc0f181"
		},
		{
			"path": "client/views/trxcleantanks/insert/insert_controller.js",
			"checksum": "c649c28ac5512c65c7eae3dee3aeb87aaa4b3ea3"
		},
		{
			"path": "client/views/trxcleantanks/details/details.html",
			"checksum": "300610ff2470c74069ae0b0e938f8a3db966957d"
		},
		{
			"path": "client/views/trxcleantanks/details/details.js",
			"checksum": "d3c1f3345d0cdea2ed8f4485dee4e55e3a80988c"
		},
		{
			"path": "client/views/trxcleantanks/details/details_controller.js",
			"checksum": "15c5532fa33e74e1d464f3e34b1622e8f2de531d"
		},
		{
			"path": "client/views/trxcleantanks/edit/edit.html",
			"checksum": "9c391f3b1403c3163714eee9dc1b378b8a255ca2"
		},
		{
			"path": "client/views/trxcleantanks/edit/edit.js",
			"checksum": "0b04bb52f61b5bd68268b1eef26fb9cf9d6855b0"
		},
		{
			"path": "client/views/trxcleantanks/edit/edit_controller.js",
			"checksum": "a512487f5e658b882875be17a2f665dc0ef991c4"
		},
		{
			"path": "client/views/trxtankcleaningchemicals/trxtankcleaningchemicals.html",
			"checksum": "7facb79a21750d47661874b7cff2773360247ada"
		},
		{
			"path": "client/views/trxtankcleaningchemicals/trxtankcleaningchemicals.js",
			"checksum": "e4f4b18eace271c9ae0a5adc09b45df0f9276c30"
		},
		{
			"path": "client/views/trxtankcleaningchemicals/trxtankcleaningchemicals_controller.js",
			"checksum": "f0d49bb56e9520e1b7138fa9d4d71e3f048f9904"
		},
		{
			"path": "client/views/trxtankcleaningchemicals/insert/insert.html",
			"checksum": "a967b5cf3f0e370c9369a8e6a322e71120e4c1b7"
		},
		{
			"path": "client/views/trxtankcleaningchemicals/insert/insert.js",
			"checksum": "49623015aa4c6be65e2f27b26da82cc78b1e20a4"
		},
		{
			"path": "client/views/trxtankcleaningchemicals/insert/insert_controller.js",
			"checksum": "20b0174c7023adcd3577549e6107e71d4c7c31ce"
		},
		{
			"path": "client/views/trxtankcleaningchemicals/details/details.html",
			"checksum": "5e243abc9a51a956c15bea3e98d60342934c471f"
		},
		{
			"path": "client/views/trxtankcleaningchemicals/details/details.js",
			"checksum": "ab0ec1b1cbeeab4c3eddfacf95f8b09dcf8a2ae8"
		},
		{
			"path": "client/views/trxtankcleaningchemicals/details/details_controller.js",
			"checksum": "0080416973dca1f523ba53b18f63e1c05b1260b4"
		},
		{
			"path": "client/views/trxtankcleaningchemicals/edit/edit.html",
			"checksum": "731dea1351e9c0f73d4da22a6e9b108b4204bd79"
		},
		{
			"path": "client/views/trxtankcleaningchemicals/edit/edit.js",
			"checksum": "cec44366d6a7ee3fa5d82d4990d05781dc36f5bc"
		},
		{
			"path": "client/views/trxtankcleaningchemicals/edit/edit_controller.js",
			"checksum": "7e782bd825a319a16249deaaacaf656478a569f6"
		},
		{
			"path": "client/views/trxfilltanks/trxfilltanks.html",
			"checksum": "9bf0aec61771e74ac9ef1d86a7b9a82b688fdee6"
		},
		{
			"path": "client/views/trxfilltanks/trxfilltanks.js",
			"checksum": "06fe12059487e9ce01a1a34b102421b9a872ad40"
		},
		{
			"path": "client/views/trxfilltanks/trxfilltanks_controller.js",
			"checksum": "430cdd86acea2b332fca72b789c3d8c7c7b8f37e"
		},
		{
			"path": "client/views/trxfilltanks/insert/insert.html",
			"checksum": "d785f6a1226084aef9f4a188b0001db1d0d167d0"
		},
		{
			"path": "client/views/trxfilltanks/insert/insert.js",
			"checksum": "390ccd17ef45e99efcae48c007f5f4c92eb48501"
		},
		{
			"path": "client/views/trxfilltanks/insert/insert_controller.js",
			"checksum": "907d7a8b8d826829091c3e74d8a1afea4422d2f2"
		},
		{
			"path": "client/views/trxfilltanks/details/details.html",
			"checksum": "db498b3d7b3b71f2214e9649673b2352c6ec1faf"
		},
		{
			"path": "client/views/trxfilltanks/details/details.js",
			"checksum": "06c6b16e4c72bfc2829cc8de8aeeadd7fd56d38e"
		},
		{
			"path": "client/views/trxfilltanks/details/details_controller.js",
			"checksum": "6c159acfce8c1304f2eb830dbc78de6637ac015c"
		},
		{
			"path": "client/views/trxfilltanks/edit/edit.html",
			"checksum": "dfe38cd9cd80b1c2052b84d8d6f817e43af85f86"
		},
		{
			"path": "client/views/trxfilltanks/edit/edit.js",
			"checksum": "8b372f1df468f4ffbdb366233a700de5fddb6d5b"
		},
		{
			"path": "client/views/trxfilltanks/edit/edit_controller.js",
			"checksum": "3543fe3e6b4b5107b78c312ed16dbe7b127ef942"
		},
		{
			"path": "client/views/trxtanktests/trxtanktests.html",
			"checksum": "23080a80230838e79230150a00d6de58f29d1cd1"
		},
		{
			"path": "client/views/trxtanktests/trxtanktests.js",
			"checksum": "b6a8d6df8c65b7ddb3ffcb280f1a44054ed91502"
		},
		{
			"path": "client/views/trxtanktests/trxtanktests_controller.js",
			"checksum": "1f1dddc8087e17d07b446d1838c0b66062c6fe6d"
		},
		{
			"path": "client/views/trxtanktests/insert/insert.html",
			"checksum": "5df769a2f3e5601c43b021985727780799e28ae3"
		},
		{
			"path": "client/views/trxtanktests/insert/insert.js",
			"checksum": "4b41c118abb301cc5c15f8ba2500cf07c274e34e"
		},
		{
			"path": "client/views/trxtanktests/insert/insert_controller.js",
			"checksum": "35bd2857f482a9c2caa031fef27b89d2d02c75d6"
		},
		{
			"path": "client/views/trxtanktests/details/details.html",
			"checksum": "9ff7b0013172464901525f3749e759cfab02e8a6"
		},
		{
			"path": "client/views/trxtanktests/details/details.js",
			"checksum": "7bf07397d5a5ec7b775bef3d74d1dd8db5c61246"
		},
		{
			"path": "client/views/trxtanktests/details/details_controller.js",
			"checksum": "70552ddb55377c134400e6219abc4aba348d190c"
		},
		{
			"path": "client/views/trxtanktests/edit/edit.html",
			"checksum": "ad8da78e43b64be437bb672951a5848499daeb83"
		},
		{
			"path": "client/views/trxtanktests/edit/edit.js",
			"checksum": "e653b73a43025c0788fc74489bf178c8d407a2ef"
		},
		{
			"path": "client/views/trxtanktests/edit/edit_controller.js",
			"checksum": "2c9f673268ffe2d0d5f653eb7ab0be61ec14108c"
		},
		{
			"path": "client/views/trxblendtoblends/trxblendtoblends.html",
			"checksum": "aa48be775f6280e8555989b6b977e9592887ad70"
		},
		{
			"path": "client/views/trxblendtoblends/trxblendtoblends.js",
			"checksum": "fd9c1687817c4103ac059b8252e3467c63e5dda9"
		},
		{
			"path": "client/views/trxblendtoblends/trxblendtoblends_controller.js",
			"checksum": "33eae34538d896af1eac4f37de208c508a8ecfd9"
		},
		{
			"path": "client/views/trxblendtoblends/insert/insert.html",
			"checksum": "e4b7d265cbbaab0ea0b8c45464ee8efe0f97d1fd"
		},
		{
			"path": "client/views/trxblendtoblends/insert/insert.js",
			"checksum": "b5985489dd9286adb0c52e8fe405d4b6ccae556f"
		},
		{
			"path": "client/views/trxblendtoblends/insert/insert_controller.js",
			"checksum": "7c0ac2fc2c1f7e8752cc6eb03917a1c8eb5744af"
		},
		{
			"path": "client/views/trxblendtoblends/details/details.html",
			"checksum": "6fdb3d34651046d8743b5f8bb98e7d0c315d8dca"
		},
		{
			"path": "client/views/trxblendtoblends/details/details.js",
			"checksum": "d98c5a1b2958f0d6417d2b9d8fa677cccf9c3ee8"
		},
		{
			"path": "client/views/trxblendtoblends/details/details_controller.js",
			"checksum": "ebb00c5846e37b04619f355a850f7e7cd929d097"
		},
		{
			"path": "client/views/trxblendtoblends/edit/edit.html",
			"checksum": "ae16d90570337c9ad41123a0d46bd39205c6dd37"
		},
		{
			"path": "client/views/trxblendtoblends/edit/edit.js",
			"checksum": "da7d0b5b174fdd50e98368a91ff2a1cbe11e6f05"
		},
		{
			"path": "client/views/trxblendtoblends/edit/edit_controller.js",
			"checksum": "5cbf2c63e235738c700e9b4aec65fb8dd76dc01c"
		},
		{
			"path": "client/views/trxlottoblends/trxlottoblends.html",
			"checksum": "dbf42c82c15b568adc8dcb8769d97735997b6db6"
		},
		{
			"path": "client/views/trxlottoblends/trxlottoblends.js",
			"checksum": "b66e4a50cb31c138198b53c302ec4beb2024909f"
		},
		{
			"path": "client/views/trxlottoblends/trxlottoblends_controller.js",
			"checksum": "8aba3d1e9a86927d1fd8d35754d29f4e83fc6c23"
		},
		{
			"path": "client/views/trxlottoblends/insert/insert.html",
			"checksum": "9557c3bee4778295139afc705993e71c1cca5ae6"
		},
		{
			"path": "client/views/trxlottoblends/insert/insert.js",
			"checksum": "db8867c41d6118697acb915dcc2e17e2b9ee3a1b"
		},
		{
			"path": "client/views/trxlottoblends/insert/insert_controller.js",
			"checksum": "d2b2975428cf0b040dabd0e3e53a1fe4e03243c4"
		},
		{
			"path": "client/views/trxlottoblends/details/details.html",
			"checksum": "391de3a6a8af96eca59db53be5c899925615b818"
		},
		{
			"path": "client/views/trxlottoblends/details/details.js",
			"checksum": "24f4f8961bd462d359752b344c347ec04df3eebc"
		},
		{
			"path": "client/views/trxlottoblends/details/details_controller.js",
			"checksum": "ddb9c6bc235299fe5afd8f462482450902f36afb"
		},
		{
			"path": "client/views/trxlottoblends/edit/edit.html",
			"checksum": "8895b0b80529014a7f36c4fbaad6ffce7d20199d"
		},
		{
			"path": "client/views/trxlottoblends/edit/edit.js",
			"checksum": "836f2db2d107aa2e8519f195d8fab75d714f7c76"
		},
		{
			"path": "client/views/trxlottoblends/edit/edit_controller.js",
			"checksum": "18d66974e428632991515aacb31475327587c201"
		},
		{
			"path": "lib/string_utils.js",
			"checksum": "6bf8f64bf32bd7aff71cbeeba23df9fb8282a12c"
		},
		{
			"path": "lib/object_utils.js",
			"checksum": "33c6d536bb2256c097cf72ed503e769528265e2f"
		},
		{
			"path": "client/lib/http_utils.js",
			"checksum": "740095219b687a460a789da9ab9ef4d64a111b9c"
		},
		{
			"path": "client/styles/framework/bootstrap3/custom.bootstrap.import.less",
			"checksum": "8007cd69773c1c62284460f7c0fd8310e7f60094"
		},
		{
			"path": "client/styles/framework/bootstrap3/custom.bootstrap.mixins.import.less",
			"checksum": "b53332a4c7dffc57aefda1db82b4e09258dad07a"
		},
		{
			"path": "client/styles/framework/bootstrap3/custom.bootstrap.less",
			"checksum": "a114a65d406f228e4137a3fb7b33047c40a5cd68"
		},
		{
			"path": "client/styles/framework/bootstrap3/custom.bootstrap.json",
			"checksum": "59c3803dde72dfd34e95a52dc4f5cae65018ec38"
		},
		{
			"path": "client/styles/framework/bootstrap3-plugins/bootstrap-fileinput/fileinput_locale_el.js",
			"checksum": "d00eebe17389c41dbdfdd5611573ba52169f16eb"
		},
		{
			"path": "client/styles/framework/bootstrap3-plugins/bootstrap-fileinput/fileinput_locale_zh.js",
			"checksum": "f477aede4974871fc0ba71d3ed4f90d8b9f1a74e"
		},
		{
			"path": "client/styles/framework/bootstrap3-plugins/bootstrap-fileinput/fileinput_locale_th.js",
			"checksum": "05fec04f2b334bd579126eeb54321fbec516470f"
		},
		{
			"path": "client/styles/framework/bootstrap3-plugins/bootstrap-fileinput/fileinput_locale_LANG.js",
			"checksum": "e80901eda8d09ee66e3375ddd6d7f7a53dbfcda8"
		},
		{
			"path": "client/styles/framework/bootstrap3-plugins/bootstrap-fileinput/fileinput_locale_nl.js",
			"checksum": "106dfa775832df6830675c8927603a813063986c"
		},
		{
			"path": "client/styles/framework/bootstrap3-plugins/bootstrap-fileinput/fileinput_locale_pl.js",
			"checksum": "77ce969c9532dc4cda50d57bad7c8e8c9e792386"
		},
		{
			"path": "client/styles/framework/bootstrap3-plugins/bootstrap-fileinput/fileinput_locale_sk.js",
			"checksum": "1dc9d65243156006cf762ed85cdf36501c27f38a"
		},
		{
			"path": "client/styles/framework/bootstrap3-plugins/bootstrap-fileinput/fileinput_locale_es.js",
			"checksum": "6eb5775359ee3e6199962d05fb6a2ddf79426766"
		},
		{
			"path": "client/styles/framework/bootstrap3-plugins/bootstrap-fileinput/fileinput_locale_fr.js",
			"checksum": "aea834881f99fe187153560b32011c2af7f56092"
		},
		{
			"path": "client/styles/framework/bootstrap3-plugins/bootstrap-fileinput/fileinput_locale_tr.js",
			"checksum": "25e2ea3f23c594180a3496f814ae907343de1add"
		},
		{
			"path": "client/styles/framework/bootstrap3-plugins/bootstrap-fileinput/fileinput.js",
			"checksum": "b6c83cb478c232284b8b6cae90d0ec2840d93332"
		},
		{
			"path": "client/styles/framework/bootstrap3-plugins/bootstrap-fileinput/fileinput_locale_pt.js",
			"checksum": "f1d3b0c83a6a10b6e1cd7b8f523a98a7a51720ac"
		},
		{
			"path": "client/styles/framework/bootstrap3-plugins/bootstrap-fileinput/fileinput_locale_uk.js",
			"checksum": "f5f6b5052a111fa87a5da8608a5d137d4116e6c5"
		},
		{
			"path": "client/styles/framework/bootstrap3-plugins/bootstrap-fileinput/fileinput_locale_hu.js",
			"checksum": "500bfd774110b73e07e9f4e23a4cbf9c896fbcea"
		},
		{
			"path": "client/styles/framework/bootstrap3-plugins/bootstrap-fileinput/fileinput_locale_cz.js",
			"checksum": "146a2a2bd0e89b62b775eee929907970e875ddf6"
		},
		{
			"path": "client/styles/framework/bootstrap3-plugins/bootstrap-fileinput/fileinput.css",
			"checksum": "30ba45c948bcb125cf0cb550b4a9d2f13ffcc710"
		},
		{
			"path": "client/styles/framework/bootstrap3-plugins/bootstrap-fileinput/fileinput_locale_ru.js",
			"checksum": "4939e4b72d235b9a68602aba3501bd72bde77611"
		},
		{
			"path": "client/styles/framework/bootstrap3-plugins/bootstrap-fileinput/fileinput_locale_it.js",
			"checksum": "09d41c11dadf15f197bd443f5ad01a68e3408bde"
		},
		{
			"path": "client/styles/framework/bootstrap3-plugins/bootstrap-fileinput/fileinput_locale_de.js",
			"checksum": "fcad7c9406cb7ab1959ee5a62825a62b905f34a2"
		},
		{
			"path": "client/styles/framework/bootstrap3-plugins/bootstrap-fileinput/fileinput_locale_ro.js",
			"checksum": "7fcbd870c67fbd4646b6b53c4e07f84ebaf6ebd1"
		},
		{
			"path": "client/styles/framework/bootstrap3-plugins/bootstrap-fileinput/fileinput_locale_sr.js",
			"checksum": "50ac58590814ab9959e34d94a4b2bb8cf9be35b9"
		},
		{
			"path": "client/styles/framework/bootstrap3-plugins/bootstrap-fileinput/fileinput_locale_pt-BR.js",
			"checksum": "8caeab2c4b40a90eba4412eb5a31c76405e5a04a"
		},
		{
			"path": "client/styles/framework/bootstrap3-plugins/bootstrap-tagsinput/bootstrap-tagsinput.js",
			"checksum": "4d941e8119dcf9b140347d647b925800cb7ef319"
		},
		{
			"path": "client/styles/framework/bootstrap3-plugins/bootstrap-tagsinput/bootstrap-tagsinput.css",
			"checksum": "49937990ee001ae632d23d1e9bb71dc4460ac7c1"
		},
		{
			"path": "client/lib/form_utils.js",
			"checksum": "ac523c7384145b2d294b67946bf07b63c69cfe4e"
		}
	],
	"output_directories": [
		"client/",
		"client/lib/",
		"client/styles/",
		"client/styles/framework/",
		"client/styles/styles/",
		"client/styles/styles/theme/",
		"client/views/",
		"client/views/not_found/",
		"client/views/loading/",
		"client/views/layout/",
		"lib/",
		"settings/",
		"packages/",
		"both/",
		"both/lib/",
		"both/collections/",
		"both/joins/",
		"public/",
		"public/images/",
		"public/fonts/",
		"private/",
		"server/",
		"server/lib/",
		"server/collections/",
		"server/publish/",
		"server/controllers/",
		"server/methods/",
		"client/views/aboutclarify/",
		"client/views/home_public/",
		"client/views/login/",
		"client/views/register/",
		"client/views/forgot_password/",
		"client/views/reset_password/",
		"client/views/home_private/",
		"client/views/user_settings/",
		"client/views/user_settings/profile/",
		"client/views/user_settings/change_pass/",
		"client/views/logout/",
		"client/views/chemicals/",
		"client/views/chemicals/insert/",
		"client/views/chemicals/details/",
		"client/views/chemicals/edit/",
		"client/views/blends/",
		"client/views/blends/insert/",
		"client/views/blends/details/",
		"client/views/blends/edit/",
		"client/views/chemicalmanufacturers/",
		"client/views/chemicalmanufacturers/insert/",
		"client/views/chemicalmanufacturers/details/",
		"client/views/chemicalmanufacturers/edit/",
		"client/views/trxchemicalconainers/",
		"client/views/trxchemicalconainers/insert/",
		"client/views/trxchemicalconainers/details/",
		"client/views/trxchemicalconainers/edit/",
		"client/views/units/",
		"client/views/units/insert/",
		"client/views/units/details/",
		"client/views/units/edit/",
		"client/views/trxlots/",
		"client/views/trxlots/insert/",
		"client/views/trxlots/details/",
		"client/views/trxlots/edit/",
		"client/views/vintages/",
		"client/views/vintages/insert/",
		"client/views/vintages/details/",
		"client/views/vintages/edit/",
		"client/views/varietals/",
		"client/views/varietals/insert/",
		"client/views/varietals/details/",
		"client/views/varietals/edit/",
		"client/views/picklocations/",
		"client/views/picklocations/insert/",
		"client/views/picklocations/details/",
		"client/views/picklocations/edit/",
		"client/views/picknumbers/",
		"client/views/picknumbers/insert/",
		"client/views/picknumbers/details/",
		"client/views/picknumbers/edit/",
		"client/views/presss/",
		"client/views/presss/insert/",
		"client/views/presss/details/",
		"client/views/presss/edit/",
		"client/views/tanks/",
		"client/views/tanks/insert/",
		"client/views/tanks/details/",
		"client/views/tanks/edit/",
		"client/views/ttests/",
		"client/views/ttests/insert/",
		"client/views/ttests/details/",
		"client/views/ttests/edit/",
		"client/views/barrels/",
		"client/views/barrels/insert/",
		"client/views/barrels/details/",
		"client/views/barrels/edit/",
		"client/views/trxaddchemicaltotanks/",
		"client/views/trxaddchemicaltotanks/insert/",
		"client/views/trxaddchemicaltotanks/details/",
		"client/views/trxaddchemicaltotanks/edit/",
		"client/views/trxbarreltotanks/",
		"client/views/trxbarreltotanks/insert/",
		"client/views/trxbarreltotanks/details/",
		"client/views/trxbarreltotanks/edit/",
		"client/views/trxcleantanks/",
		"client/views/trxcleantanks/insert/",
		"client/views/trxcleantanks/details/",
		"client/views/trxcleantanks/edit/",
		"client/views/trxtankcleaningchemicals/",
		"client/views/trxtankcleaningchemicals/insert/",
		"client/views/trxtankcleaningchemicals/details/",
		"client/views/trxtankcleaningchemicals/edit/",
		"client/views/trxfilltanks/",
		"client/views/trxfilltanks/insert/",
		"client/views/trxfilltanks/details/",
		"client/views/trxfilltanks/edit/",
		"client/views/trxtanktests/",
		"client/views/trxtanktests/insert/",
		"client/views/trxtanktests/details/",
		"client/views/trxtanktests/edit/",
		"client/views/trxblendtoblends/",
		"client/views/trxblendtoblends/insert/",
		"client/views/trxblendtoblends/details/",
		"client/views/trxblendtoblends/edit/",
		"client/views/trxlottoblends/",
		"client/views/trxlottoblends/insert/",
		"client/views/trxlottoblends/details/",
		"client/views/trxlottoblends/edit/",
		"client/styles/framework/bootstrap3/",
		"client/styles/framework/bootstrap3-plugins/bootstrap-fileinput/",
		"client/styles/framework/bootstrap3-plugins/bootstrap-tagsinput/"
	]
}